metadata,problem,answer
metadata,problem,answer
"{'topic': 'History', 'answer_type': 'Number', 'urls': ['https://en.wikipedia.org/wiki/Infanterikanonvagn_72', 'https://en.wikipedia.org/wiki/Infanterikanonvagn_72', 'https://premium.globalsecurity.org/military/world/europe/ikv-72.htm']}",How many units of the Infanterikanonvagn 72 (1952) were delivered to the Swedish army from 1953 to 1954?,36.
"{'topic': 'History', 'answer_type': 'Number', 'urls': ['https://archive.org/details/historyoftoronto01mulvuoft/page/217/mode/1up', 'https://www.gutenberg.ca/ebooks/scadding-torontoofold/scadding-torontoofold-00-h-dir/scadding-torontoofold-00-h.html']}","According to Henry Scadding, author of ""Toronto of Old,"" how many people died on the HMS Ontario in 1780?",172.
"{'topic': 'History', 'answer_type': 'Person', 'urls': ['https://en.wikipedia.org/wiki/Jamia_Millia_Islamia#:~:text=Islamia%20metro%20station.-,Founders,of%20the%20Indian%20independence%20movement.', 'https://en.wikipedia.org/wiki/Mahmud_Hasan_Deobandi', 'https://jmi.ac.in/About-Jamia/Profile/History/History/11521/Founder', 'https://en.wikipedia.org/wiki/Jamia_Millia_Islamia#:~:text=The%20foundation%20stone%20was%20laid,his%20student%20Shabbir%20Ahmad%20Usmani.']}",Who laid the foundation stone of Jamia Millia Islamia?,Mahmud Hasan Deobandi.
"{'topic': 'History', 'answer_type': 'Place', 'urls': ['https://cdn.ymaws.com/www.ips-planetarium.org/resource/resmgr/planetarian/201603planetarian.pdf', 'https://en.wikipedia.org/wiki/Kusumbai_Motichand_Planetarium#:~:text=Kusumbai%20Motichand%20Planetarium%2C%20the%20first,Pune%20on%2018%20September%201954.', 'https://opentripmap.com/en/card/N4589574794#15/18.5107/73.8448', 'https://www.wikiwand.com/en/Kusumbai_Motichand_Planetarium']}",Name the school where the Kusumbai Motichand Planetarium was established in Pune in 1954.,New English School
"{'topic': 'History', 'answer_type': 'Person', 'urls': ['https://en.wikipedia.org/wiki/Taj_Mahal#Inspiration', 'https://en.wikipedia.org/wiki/Taj_Mahal', 'https://en.wikipedia.org/wiki/Mumtaz_Mahal', 'https://www.indiaculture.gov.in/taj-mahal']}",What is the name of the individual in whose memory the Taj Mahal was built by Mughal Emperor Shah Jahan?,Mumtaz Mahal
"{'topic': 'History', 'answer_type': 'Date', 'urls': ['https://en.wikipedia.org/wiki/Thomas_Randolph_(ambassador)', 'https://www.wikitree.com/wiki/Randolph-1370', 'https://www.jstor.org/stable/25526321', 'https://en.wikipedia.org/wiki/Thomas_Randolph_(ambassador)']}","What were the month, day, and year that Thomas Randolph wrote to the Earl of Leicester, stating that he was unable and unwilling to commit his opinions on Mary's actions on paper for fear of appearing ""malicieus foolyshe and unadvised""?",14 February 1566
"{'topic': 'History', 'answer_type': 'Other', 'urls': ['http://www.biographi.ca/en/bio/mcbride_edward_william_6E.html', 'https://en.wikipedia.org/wiki/Edward_William_McBride', 'https://www.biographi.ca/en/bio/mcbride_edward_william_6E.html']}","After the War of 1812, Edward William McBride (1791-1834) worked as what for the king's printer, John Cameron, on the York Gazette until April 1815?",Assistant
"{'topic': 'History', 'answer_type': 'Person', 'urls': ['https://www.british-history.ac.uk/no-series/court-of-chivalry/26-ballard-kestian', 'https://www.wikitree.com/wiki/Ballard-3485#:~:text=Ballard%20charged%20Kestian%20with%20having%20said%20that%20Ballard%20lied%20at%20Sir%20Abraham%20Dawes%27%C2%92s%20house%20in%20Putney%20and%20in%20the%20presence%20of%20justices%20of%20the%20peace.']}","In June 1637, Thomas Ballard of Wandsworth accused Richard Kestian of publicly calling him a liar at which man's house in Putney in front of justices of the peace?",Sir Abraham Dawes
"{'topic': 'History', 'answer_type': 'Date', 'urls': ['https://en.wikipedia.org/wiki/Emperor_Xizong_of_Jin', 'https://en.wikipedia.org/wiki/Emperor_Xizong_of_Jin', 'https://www.nouahsark.com/en/infocenter/culture/history/monarchs/emperor_xizong_of_jin.php', 'https://www.wikidata.org/wiki/Q5071']}","What day, month, and year did Emperor Xizong of Jin become the emperor of the Jin dynasty?","10 February, 1135"
"{'topic': 'History', 'answer_type': 'Date', 'urls': ['https://en.wikipedia.org/wiki/Elizabeth_Esteve-Coll', 'https://en.wikipedia.org/wiki/Elizabeth_Esteve-Coll#:~:text=Esteve%2DColl%20was%20head%20of,the%20University%20of%20Surrey%20Library.', 'https://www.encyclopedia.com/women/dictionaries-thesauruses-pictures-and-press-releases/esteve-coll-elizabeth-1938']}",What year did Elizabeth Esteve-Coll become the first female director of the University of Surrey Library?,1982
"{'topic': 'History', 'answer_type': 'Date', 'urls': ['https://en.wikipedia.org/wiki/Homa_Shaibany', 'http://ndl.ethernet.edu.et/bitstream/123456789/18592/1/Laura%20Lynn%20Windsor.pdf', 'https://en.wikipedia.org/wiki/Homa_Shaibany', 'https://xvi.pages.dev/0xLy9lbi53aWtpcGVkaWEub3JnLy9Ib21hX1NoYWliYW55']}",In which year did Homa Shaibany (an Iranian surgeon) receive a scholarship to study medicine at London University?,1930
"{'topic': 'History', 'answer_type': 'Date', 'urls': ['https://en.wikipedia.org/wiki/Helen_and_Frank_Schreider', 'https://en.wikipedia.org/wiki/Helen_and_Frank_Schreider', 'https://www.latimes.com/archives/la-xpm-1994-04-02-mn-41283-story.html', 'https://www.everand.com/author/366145856/Helen-Schreider']}","On what day, month, and year did Frank Schreider, an American explorer, die?","January 21, 1994"
"{'topic': 'History', 'answer_type': 'Date', 'urls': ['https://en.wikipedia.org/wiki/Akhnoor_Fort', 'https://jammu.nic.in/tourist-place/akhnoor-fort/#:~:text=This%20two%2Dstoreyed%20fort%20which,access%20through%20the%20river%20side.', 'https://en.wikipedia.org/wiki/Akhnoor_Fort', 'https://www.google.com.pk/travel/hotels/entity/ChcIqYzzpbG7oZ2aARoKL20vMHYzZ2d3NhAE?utm_campaign=sharing&utm_medium=link&utm_source=htls&ved=0CAAQ5JsGahcKEwjIiPGw9ZmHAxUAAAAAHQAAAAAQBQ&ts=CAEaBAoCGgAqBAoAGgA']}",In which year was Akhnoor Fort (in Jammu City of Jammu and Kashmir) declared a national monument?,1982
"{'topic': 'History', 'answer_type': 'Other', 'urls': ['https://en.wikipedia.org/wiki/Saqqara#Site_looting_during_2011_protests', 'https://www.livescience.com/63066-mummy-mask-sarcophagus-saqqara-egypt.html', 'https://www.heritagedaily.com/2018/07/researchers-discover-gilded-mummy-mask/120943', 'https://greekreporter.com/2018/07/16/mask-with-ancient-greek-style-elements-discovered-in-egypt/']}",What item was found in a damaged wooden coffin in July 2018 by Ramadan Badry Hussein?,Mask
"{'topic': 'History', 'answer_type': 'Person', 'urls': ['https://reddeer.ca/city-government/mayor-and-city-councillors/past-mayor-and-councillors/past-mayors/', 'https://www.reddeer.ca/city-government/mayor-and-city-councillors/past-mayor-and-councillors/past-mayors/', 'https://www.google.com/books/edition/Canadian_Almanac_Directory/LSfZAAAAMAAJ?hl=en&gbpv=1&dq=%22North%20Red%20Deer%22%20%22A.M.%20Donnelly%22&pg=PA327&printsec=frontcover', 'https://www.google.com/books/edition/Municipal_Canada/k6XlAAAAMAAJ?hl=en&gbpv=1&dq=%22North%20Red%20Deer%22%20%22A.M.%20Donnelly%22&pg=PA32&printsec=frontcover']}","What was the name of the man who served as Reeve of North Red Deer, Alberta, between 1924 and 1925?",A.M. Donnelly.
"{'topic': 'History', 'answer_type': 'Date', 'urls': ['https://en.wikipedia.org/wiki/Agra_division', ""'https://www.firozabadonline.in/guide/history-of-firozabad'"", 'https://firozabad.nic.in/history/', 'https://en.wikipedia.org/wiki/Firozabad_district']}",In which month and year was Firozabad district first established from Agra district in India?,February 1989
"{'topic': 'History', 'answer_type': 'Person', 'urls': ['https://en.wikipedia.org/wiki/Gokula#', 'https://en.wikipedia.org/wiki/Gokula', 'https://en.wikipedia.org/wiki/Battle_of_Tilpat_(1669)', 'https://jatchiefs.com/battle-of-tilpat-1669/']}",What were the names of the two commanders sent by Mughal Emperor Aurangzeb to Sadabad Cantonment in order to suppress the rebellion in Tilpat in 1669?,Hasan Ali Khan and Brahmdev Sisodia.
"{'topic': 'History', 'answer_type': 'Person', 'urls': ['https://en.wikipedia.org/wiki/Wilhelm_Fabry', 'https://pubmed.ncbi.nlm.nih.gov/22246340/#:~:text=Introduction%3A%20Wilhelm%20Fabricius%20von%20Hilden,the%20father%20of%20German%20surgery.', 'https://litfl.com/wilhelm-fabricius-von-hilden/', 'https://www.encyclopedia.com/science/encyclopedias-almanacs-transcripts-and-maps/wilhelm-fabricius-hildanus']}",Which German surgeon is often called the father of German surgery?,Wilhelm Fabricius von Hilden.
"{'topic': 'History', 'answer_type': 'Date', 'urls': ['https://www.thearda.com/us-religion/group-profiles/groups?D=361', ""'https://en.wikipedia.org/wiki/General_Association_of_General_Baptists'"", 'https://www.westernkyhistory.org/kentucky/genbapt/stinson.html', 'http://heavenboundgb.worthyofpraise.org/Onlinebooks/benonistinson.htm']}",In what year was Benoni Stinson ordained to the ministry in Kentucky?,1821
"{'topic': 'History', 'answer_type': 'Person', 'urls': ['https://seapower.navy.gov.au/sites/default/files/documents/Naval-Staff-Monographs_VolXIX_part3.pdf', 'https://seapower.navy.gov.au/sites/default/files/documents/Naval-Staff-Monographs_VolXIX_part3.pdf', 'https://uboat.net/wwi/men/commanders/223.html']}","What was the name of the Lieutenant Commander of UC-67 during the period from July 12 to August 2, 1917?",Hans Nieland
"{'topic': 'History', 'answer_type': 'Place', 'urls': ['https://mathshistory.st-andrews.ac.uk/Biographies/Nakano/', 'https://mathshistory.st-andrews.ac.uk/Biographies/Nakano/', 'https://www.diva-portal.org/smash/get/diva2:1001415/FULLTEXT01.pdf', 'https://en.wikipedia.org/wiki/Hidegor%C5%8D_Nakano#cite_note-:1-4']}","On April 1, 1952, at which university did Hidegorô Nakano become a professor?",Hokkaido University
"{'topic': 'History', 'answer_type': 'Number', 'urls': ['https://ia801308.us.archive.org/19/items/historickingston03kinguoft/historickingston03kinguoft.pdf', 'p. 5/ p. 8\nhttps://www.publicsafety.gc.ca/lbrr/archives/hv%209504%20h5-eng.pdf']}","Despite the Warden of the Kingston Penitentiary claiming the treatments were humane, according to the 1856 report, how many bed deprivations with concurrent bread and water diets were given that year?","1,600"
"{'topic': 'History', 'answer_type': 'Other', 'urls': ['https://en.wikipedia.org/wiki/History_of_Cuba', 'https://en.wikipedia.org/wiki/History_of_Cuba', 'https://www.britannica.com/topic/asiento-de-negros', 'https://curiosity.lib.harvard.edu/south-sea-bubble/feature/the-south-sea-company-and-the-slave-trade']}",Which foreign merchant was issued the right to transact slaves on Spain's behalf and ordered regulations on trade with Cuba?,Asiento de Negros
"{'topic': 'History', 'answer_type': 'Date', 'urls': ['https://en.wikipedia.org/wiki/Dudley_Carleton,_1st_Viscount_Dorchester', 'https://en.wikisource.org/wiki/Dictionary_of_National_Biography,_1885-1900/Carleton,_Dudley', 'https://www.wikitree.com/wiki/Carleton-253', 'https://en.wikipedia.org/wiki/Dudley_Carleton,_1st_Viscount_Dorchester']}","What was the month and year Dudley Carleton, 1st Viscount Dorchester, was created Viscount Dorchester?",July 1628
"{'topic': 'History', 'answer_type': 'Person', 'urls': ['https://filsonhistorical.org/wp-content/uploads/publicationpdfs/44-4-3_Squire-Boone-the-Forgotten-Man_Igleheart-Ted.pdf', 'https://boonesociety.org/squire-boone-sr-1696-1765', 'https://www.wikitree.com/wiki/Morgan-406', 'https://www.findagrave.com/memorial/7052/hannah_pennington']}","What is the first name of Squire Boone, Sr., and Sarah Morgan Boone's youngest daughter, born in 1746?",Hannah
"{'topic': 'History', 'answer_type': 'Date', 'urls': ['https://en.wikipedia.org/wiki/William_II_of_Holland', 'https://en.wikipedia.org/wiki/William_II_of_Holland#:~:text=King%20of%20Germany%0A(formally,1247%20%E2%80%93%2028%20January%201256', 'https://www.britannica.com/biography/William-king-of-Germany', 'https://www.hubert-herald.nl/William%20II%20of%20%20Holland.htm']}","What day, month, and year did William II of Holland become King of Germany?",3 October 1247
"{'topic': 'History', 'answer_type': 'Date', 'urls': ['https://en.wikipedia.org/wiki/Henry_Ernest_Gascoyne_Bulwer', 'https://en.wikipedia.org/wiki/Henry_Ernest_Gascoyne_Bulwer#:~:text=Sir%20Henry%20Ernest%20Gascoyne%20Bulwer,British%20colonial%20administrator%20and%20diplomat.', 'https://www.ancestry.com/genealogy/records/henry-ernest-gascoyne-bulwer-24-21wcrck', 'https://www.britishempire.co.uk/forces/armycampaigns/africancampaigns/zuluwar/henrybulwer.htm']}","On what day, month, and year was Henry Ernest Gascoyne Bulwer born?",11 December 1836
"{'topic': 'History', 'answer_type': 'Person', 'urls': ['https://en.wikipedia.org/wiki/Margaret_Bourchier,_Countess_of_Bath', 'https://en.wikipedia.org/wiki/Margaret_Bourchier,_Countess_of_Bath#Second_marriage', 'https://www.geni.com/people/Margaret-Bourchier-Countess-of-Bath/6000000000103964686']}","What was the first and last name of Margaret Bourchier, Countess of Bath's first child from her second marriage?",Jane Long
"{'topic': 'History', 'answer_type': 'Person', 'urls': ['https://www.governmenthouse.gov.je/governmenthouse/', 'https://www.governmenthouse.gov.je/governmenthouse/#:~:text=He%20then%20built%20the%20present,Colin%20Halkett%20acquired%20the%20house.', 'https://www.theislandwiki.org/index.php/Government_House', 'https://en.wikipedia.org/wiki/Government_House,_Jersey']}","What is the name of the man who purchased Belmont on St. Saviour's Hill, Jersey, UK, in 1822?",Sir Colin Halkett
"{'topic': 'History', 'answer_type': 'Date', 'urls': ['https://en.wikipedia.org/wiki/Murray_Nicoll', 'https://en.wikipedia.org/wiki/Murray_Nicoll', 'https://www.famousfix.com/list/celebrities-with-last-name-nicoll#google_vignette']}","On what day, month, and year was Murray Nicoll, the Australian journalist who reported from his own burning home during the 1983 Ash Wednesday bushfires in Australia, born?",20 July 1943.
"{'topic': 'History', 'answer_type': 'Number', 'urls': ['https://en.wikipedia.org/wiki/Bindy_Johal#Early_life', 'https://en.wikipedia.org/wiki/Bindy_Johal#:~:text=9%20External%20links-,Early%20life,respect%20and%20remorse%20for%20others.', 'https://cfseu.bc.ca/gangster-profile/', 'https://medium.com/@Samuel.kerr/im-still-around-32db1572765a']}","What was Bindy Johal's age in years when he immigrated to Vancouver, British Columbia, with his parents during his childhood?",4 years.
"{'topic': 'History', 'answer_type': 'Person', 'urls': ['https://en.wikipedia.org/wiki/Murad_Bakhsh', 'https://en.wikipedia.org/wiki/Murad_Bakhsh', 'https://www.mughallibrary.com/newsevents/gujarat-under-mughal-empire%3A-from-humayun-to-aurangzeb%2C-how-did-different-emperors-rule-the-coastal-region%3F', 'http://www.worldofcoins.eu/forum/index.php?topic=56826.0', 'https://alchetron.com/Murad-Bakhsh']}","On 30 November 1657, who proclaimed himself emperor at Ahmedabad?",Mirza Muhammad Murad Bakhsh
"{'topic': 'History', 'answer_type': 'Date', 'urls': ['https://en.wikipedia.org/wiki/Nathaniel_Brent', 'https://en.wikipedia.org/wiki/Nathaniel_Brent', 'https://maths-people.anu.edu.au/~brent/personal/NatBrent.html', 'https://en.wikisource.org/wiki/Dictionary_of_National_Biography,_1885-1900/Brent,_Nathaniel']}","What were the month, day, and year Sir Nathaniel Brent, English college head, died?","November 6, 1652"
"{'topic': 'History', 'answer_type': 'Date', 'urls': ['https://en.wikipedia.org/wiki/Murders_of_the_Dickason_children#:~:text=On%2016%20September%202021%2C%20Lauren,home%20in%20Timaru%2C%20New%20Zealand.', 'https://www.rnz.co.nz/news/national/495931/lauren-dickason-found-guilty-how-the-case-unfolded', 'https://en.wikipedia.org/wiki/Murders_of_the_Dickason_children', 'https://www.cbsnews.com/news/new-zealand-mother-laura-dickson-guilty-deaths-three-young-daughters/']}","What day, month, and year was Lauren Anne Dickason found guilty of murdering her three children in Timaru, New Zealand?","August 16, 2023"
"{'topic': 'History', 'answer_type': 'Place', 'urls': ['https://www.visitwhitby.com/blog/199-whitby-abbey-steps/', 'https://www.yorkshirecoastalcottages.com/blog/199-steps-whitby/', 'https://thenorthyorkshiregallery.co.uk/199-steps/', 'https://whitbyjetstore.co.uk/blogs/news/the-199-steps-in-whitby']}",What was the name of the location where the stone came from to replace the 199 wooden steps at Whitby Abbey in 1774?,Sneaton
"{'topic': 'History', 'answer_type': 'Date', 'urls': ['https://en.wikipedia.org/wiki/Elizabeth_Carey,_Lady_Berkeley', 'https://en.wikipedia.org/wiki/Elizabeth_Carey,_Lady_Berkeley', 'https://www.findagrave.com/memorial/138465981/elizabeth-berkeley', 'https://gw.geneanet.org/pattisalt92?lang=en&n=carey&oc=1&p=elizabeth']}","What were the month, day, and year Elizabeth Carey, Lady Berkeley, was born?",24 May 1576
"{'topic': 'History', 'answer_type': 'Number', 'urls': ['https://en.wikipedia.org/wiki/Elizabeth_Spencer,_Baroness_Hunsdon', 'https://en.wikipedia.org/wiki/Elizabeth_Spencer,_Baroness_Hunsdon#:~:text=She%20had%20three%20brothers%2C%20Sir,Katherine%20Spencer%2C%20and%20Alice%20Spencer.', 'https://www.werelate.org/wiki/Person:Elizabeth_Spencer_%2873%29#:~:text=Parents%20and%20Siblings,1559%20%2D%201637', 'https://www.myheritage.com/names/elizabeth_sackville#:~:text=Elizabeth%20Ann%20Sackville%20(born%20Spencer)%2C%201552,MP%20and%204%20other%20siblings.']}","How many siblings did Elizabeth Spencer, Baroness Hunsdon, have?",6
"{'topic': 'History', 'answer_type': 'Number', 'urls': ['https://en.wikipedia.org/wiki/Fairey_Albacore#Specifications_(Albacore_with_Taurus_XII)', 'https://en.wikipedia.org/wiki/Fairey_Albacore', 'https://naval-encyclopedia.com/naval-aviation/ww2/uk/fairey-albacore.php', 'https://military-history.fandom.com/wiki/Fairey_Albacore']}",How many minutes did the Fairey Albacore with Taurus XII used in World War II take to reach 6000 feet altitude in its time to altitude specification?,8
"{'topic': 'History', 'answer_type': 'Place', 'urls': ['https://en.wikipedia.org/wiki/Fields_Medal', 'https://www.britannica.com/biography/Vladimir-Voevodsky', 'https://en.wikipedia.org/wiki/Vladimir_Voevodsky', 'https://www.ias.edu/press-releases/institute-advanced-study-faculty-member-vladimir-voevodsky-wins-2002-fields-medal']}",In which city and country was the International Congress of Mathematicians held when Vladimir Voevodsky was awarded his Fields Medal?,"Beijing, China"
"{'topic': 'History', 'answer_type': 'Person', 'urls': ['https://en.wikipedia.org/wiki/M._S._Ramaiah_Medical_College', 'https://en.wikipedia.org/wiki/M._S._Ramaiah', 'https://dbpedia.org/page/M._S._Ramaiah', 'https://www.msrmc.ac.in/about/overview']}",What's the full name of the MS Ramaiah Medical College founder?,Mathikere Sampige Ramaiah
"{'topic': 'History', 'answer_type': 'Person', 'urls': ['https://en.wikipedia.org/wiki/Stone_Age', 'https://en.wikipedia.org/wiki/Stone_Age#:', 'https://www.researchgate.net/post/What_are_the_most_prominent_evidences_of_Paleolithic_period_And_what_are_the_most_prominent_features_of_Neolithic_period']}","Who among the people who proposed the three-stage system in an article titled ""Stone Age Cultures of South Africa"" was a civil engineer?",Clarence van Riet Lowe
"{'topic': 'History', 'answer_type': 'Other', 'urls': ['https://www.gutenberg.org/files/60408/60408-h/60408-h.htm', 'https://www.gutenberg.org/files/60408/60408-h/60408-h.htm', 'https://archive.org/details/elizabethempres01burggoog/page/n161/mode/2up?q=zither', 'https://books.google.com/books?id=nRWohstARGAC&pg=PA254&lpg=PA254&dq=elisabeth+achilleon+buried+%22her+will%22&source=bl&ots=h3NfJqG4jp&sig=ACfU3U0bm9s3JwdoCCydeQOB7QlWSFFnLw&hl=en&sa=X&ved=2ahUKEwiskdOw8ZyHAxW248kDHcUwD0c4ChDoAXoECB0QAw#v=onepage&q=zither&f=false']}","From her father, which instrument did Empress Elizabeth of Austria acquire perfect mastery of, according to Karl Küchler?",The zither.
"{'topic': 'History', 'answer_type': 'Person', 'urls': ['https://en.wikipedia.org/wiki/Mansa_Musa', 'https://en.wikipedia.org/wiki/Mansa_Musa', 'https://www.jstor.org/stable/40732660', 'https://kids.kiddle.co/Mansa_Musa']}",What was the name of the Andalusi poet Mansa Musa met on his return journey from his pilgrimage to Mecca between 1324 and 1325?,Abu Ishaq al-Sahili.
"{'topic': 'History', 'answer_type': 'Person', 'urls': ['https://en.wikipedia.org/wiki/Margaret_Bourchier,_Countess_of_Bath', 'https://en.wikipedia.org/wiki/Margaret_Bourchier,_Countess_of_Bath', 'https://www.findagrave.com/memorial/145146590/margaret-bourchier', 'https://www.geni.com/people/Margaret-Bourchier-Countess-of-Bath/6000000000103964686']}","What is the first and last name of Margaret Bourchier, Countess of Bath's first husband?",Thomas Kitson
"{'topic': 'History', 'answer_type': 'Person', 'urls': ['https://en.wikipedia.org/wiki/Birendra_of_Nepal', 'https://www.britannica.com/biography/Birendra-Bir-Bikram-Shah-Dev']}",What is the name of the 10th King of Nepal?,Birendra Bir Bikram Shah Dev
"{'topic': 'History', 'answer_type': 'Date', 'urls': ['https://en.wikipedia.org/wiki/USS_Nina', 'https://en.wikipedia.org/wiki/USS_Nina#:~:text=She%20was%20recommissioned%20as%20a,boat%20at%20Newport%20through%201883.', 'https://www.history.navy.mil/research/histories/ship-histories/danfs/n/nina.html', 'https://www.navsource.org/archives/14/08904.htm']}","On what day, month, and year was the USS *Nina* recommissioned as a torpedo boat?",31 March 1870
"{'topic': 'History', 'answer_type': 'Date', 'urls': ['https://en.wikipedia.org/wiki/Henry_M._Nevius', 'https://en.wikipedia.org/wiki/Henry_M._Nevius', 'https://www.omsa.org/files/jomsa_arch/Splits/2004/288252_JOMSA_Vol55_4_40.pdf', 'https://books.google.com/books?id=i98SAAAAYAAJ&pg=PA328&lpg=PA328&dq=henry+nevius+law+office+alger+1861&source=bl&ots=R1Bbg7R7aj&sig=ACfU3U0QFOewqUs2KdInz2vR8uajwdBgVQ&hl=en&sa=X&ved=2ahUKEwjcqp_Th4uHAxVUMlkFHYEIDjMQ6AF6BAgiEAM#v=onepage&q=henry%20nevius%20law%20office%20alger%201861&f=false']}",In the spring of which year did Henry Martin Nevius join the law office of future U.S. Secretary of War Russell A. Alger?,1861
"{'topic': 'History', 'answer_type': 'Place', 'urls': ['https://en.wikipedia.org/wiki/Judith_Hemmendinger', 'https://en.wikipedia.org/wiki/Judith_Hemmendinger', 'https://www.the1939society.org/wp-content/uploads/2014/02/Article_31.pdf', ""https://en.wikipedia.org/wiki/Judith_Hemmendinger#:~:text=Upon%20the%20family's%20return%20to,Survivors%20after%20the%20Death%20Camps%22.""]}","In 1981, Judith Feist Hemmendinger received her Ph.D. from which French university?",University of Strasbourg.
"{'topic': 'History', 'answer_type': 'Date', 'urls': ['https://en.wikipedia.org/wiki/Edward_B._Jelks', 'https://en.wikipedia.org/wiki/Edward_B._Jelks', 'http://onlinedigeditions.com/publication/?i=761718&article_id=4347026&view=articleBrowser', 'https://news.illinoisstate.edu/2022/04/scholarship-memorializes-anthropologist-and-isu-faculty-emeritus-edward-b-jelks/']}",In what year did Edward Baker Jelks earn a Ph.D. in archaeology?,1965
"{'topic': 'History', 'answer_type': 'Person', 'urls': ['https://en.wikipedia.org/wiki/Ninja_of_Heisei', 'https://en.wikipedia.org/wiki/Ninja_of_Heisei', 'https://www.reddit.com/r/Damnthatsinteresting/comments/18tm1sg/a_japanese_burglar_was_unmasked_as_a_74yearold/?rdt=34201', 'https://www.cbc.ca/radio/asithappens/as-it-happens-wednesday-edition-1.4371058/october-25-2017-episode-transcript-1.4373936']}",What is the real name of the Japanese criminal known as the Ninja of Heisei?,Mitsuaki Tanigawa
"{'topic': 'History', 'answer_type': 'Person', 'urls': ['https://en.wikipedia.org/wiki/Claude_Bourdet', 'https://en.wikipedia.org/wiki/Claude_Bourdet', 'https://www.nytimes.com/1996/03/22/arts/claude-bourdet-86-leader-of-french-resistance-and-leftist-editor.html', 'https://getsol.app/profile/Claude-Bourdet-1909']}",To whom was Claude Bourdet married?,Ida Adamoff
"{'topic': 'History', 'answer_type': 'Place', 'urls': ['https://en.wikipedia.org/wiki/Leo_Strauss', 'https://en.wikipedia.org/wiki/Leo_Strauss#Career', 'https://www.britannica.com/biography/Leo-Strauss', 'https://www.nytimes.com/1973/10/21/archives/dr-leo-strauss-scholar-is-dead-fiddling-and-burning-taught-in.html']}",At what school was Leo Strauss working when he died?,"St. John's College, Annapolis"
"{'topic': 'History', 'answer_type': 'Date', 'urls': ['https://en.wikipedia.org/wiki/Portugal', 'https://en.wikipedia.org/wiki/Portugal#:~:text=In%201500%2C%20the%20Portuguese%20explorer,Portuguese%20colonies%20of%20the%20Americas.', 'https://pcsp.ca/about-pcsp/heritage/']}",In which year did the Portuguese explorer Gaspar Corte-Real reach Canada and find the town of Portugal Cove-St. Philip's?,1500
"{'topic': 'History', 'answer_type': 'Date', 'urls': ['https://en.wikipedia.org/wiki/Arthur_L._Peterson', 'https://en.wikipedia.org/wiki/Arthur_L._Peterson', 'https://www.dignitymemorial.com/obituaries/menifee-ca/arthur-peterson-11217194', 'https://www.legacy.com/us/obituaries/pressenterprise/name/arthur-peterson-obituary?id=51630046']}","On what day, month, and year was Arthur Laverne Peterson, the American educator, born?","June 27, 1926"
"{'topic': 'History', 'answer_type': 'Date', 'urls': ['https://www.ncpedia.org/biography/wilson-thomas-d-big-tom', 'https://www.findagrave.com/memorial/54745124/thomas_david-wilson', 'https://smokykin.com/tng/familygroup.php?familyID=F19474&tree=Smokykin', 'https://www.ncpedia.org/biography/wilson-thomas-d-big-tom']}","In what year did Thomas D. Wilson (""Big Tom"" Wilson) marry Niagara Ray, the daughter of Amos Ray?",1852
"{'topic': 'History', 'answer_type': 'Date', 'urls': ['https://en.wikipedia.org/wiki/White_Mountain_Central_Railroad', 'https://whitemountaincentralrr.com/history/railroad/', 'https://en.wikipedia.org/wiki/White_Mountain_Central_Railroad', 'https://local.aarp.org/place/the-white-mountain-central-railroad-lincoln-nh.html']}","What day, month, and year was the first ride on the White Mountain Central Railroad in New Hampshire?",30 July 1958
"{'topic': 'History', 'answer_type': 'Date', 'urls': ['https://en.wikipedia.org/wiki/Sing_Sing', 'https://en.wikipedia.org/wiki/Sing_Sing#:~:text=In%201943%2C%20the%20old%20cellblock,it%20judged%20every%20correctional%20facility.', 'https://www.crimelibrary.org/notorious_murders/famous/sing_sing/13.html', 'https://www.correctionhistory.org/auburn&osborne/bighouse5.htm']}",In what year was the Sing Sing Correctional Facility accredited for the first time?,1989
"{'topic': 'History', 'answer_type': 'Place', 'urls': ['https://en.wikipedia.org/wiki/Fisk_University', 'https://en.wikipedia.org/wiki/Fisk_University', 'https://www.searchablemuseum.com/historically-black-colleges-and-universities-hbcus', 'https://artsandculture.google.com/story/what-was-black-college-life-like-in-the-new-deal-u-s-national-archives/MQVRz8fqBMyjIQ?hl=en']}",What was the first historically Black college to be accredited by the Southern Association of Colleges and Schools?,Fisk University
"{'topic': 'History', 'answer_type': 'Person', 'urls': ['https://en.wikipedia.org/wiki/Warring_States_period', 'https://en.wikipedia.org/wiki/Warring_States_period#:~:text=In%20370%20BC%2C%20Marquess%20Wu,from%20the%20south%20invaded%20Wei.', 'https://www.newworldencyclopedia.org/entry/Warring_States_Period#:~:text=In%20371%20B.C.E.%2C%20Marquess%20Wu,sensing%20an%20opportunity%2C%20invaded%20Wei.', 'https://military-history.fandom.com/wiki/War_of_succession']}","Who died without naming a successor, which led to a war of succession in 370 BC?",Marquess Wu
"{'topic': 'History', 'answer_type': 'Date', 'urls': ['https://en.wikipedia.org/wiki/Anne_Morgan,_Baroness_Hunsdon', 'https://www.geni.com/people/Lady-Anne-Carey-Baroness-Hunsdon/6000000003232572822#:~:text=1%20As%20a%20result%20of,on%2013%20January%201558%2F59.', 'https://en.wikipedia.org/wiki/Anne_Morgan,_Baroness_Hunsdon', 'https://www.twentytrees.co.uk/History/Wales/Person/Anne-Morgan-Baroness-Hunsdon-1529-1607.html?nWrN1whZ']}","What were the month, day, and year Anne Morgan was first styled Baroness Hunsdon?",January 13 1559
"{'topic': 'History', 'answer_type': 'Person', 'urls': ['https://testbook.com/question-answer/for-the-first-time-in-the-history-of-the-sul', 'https://testbook.com/question-answer/for-the-first-time-in-the-history-of-the-sul--6290ab70826aeb31265ba5a0#:~:text=Ghiyas%2Dud%2Ddin%20Balban%20was,with%20his%20dedication%20and%20devotion.', 'https://testbook.com/question-answer/for-the-first-time-in-the-history-of-the-sul--6290ab70826aeb31265ba5a0#:~:text=Balban%20was%20given%20the%20title,overtook%20the%20powers%20of%20Chihalgani.', 'https://prepp.in/news/e-492-ghiyas-ud-din-balban-1266-1287-ad-important-ruler-of-the-mamluk-dynasty-medieval-india-history-notes']}",Who received the title of Ulugh Khan for defeating the Mongols?,Ghiyas-ud-din Balban.
"{'topic': 'History', 'answer_type': 'Date', 'urls': ['https://en.wikipedia.org/wiki/L_and_L_Building', 'https://en.wikipedia.org/wiki/L_and_L_Building#:~:text=The%20building%20was%20refurbished%20in,Places%20since%20December%2019%2C%202008.', 'https://apiahip.org/everyday/day-86-l-and-l-building-billings-montana', 'https://www.nps.gov/subjects/nationalregister/upload/weekly-list-2008-national-register-of-historic-places.pdf']}","What was the day, month, and year in which the L and L Building was added to the National Register of Historic Places?","December 19, 2008"
"{'topic': 'History', 'answer_type': 'Date', 'urls': ['https://en.wikipedia.org/wiki/Gilles_de_Rais#Question_of_guilt', 'https://en.wikipedia.org/wiki/Gilles_de_Rais', 'https://explorethearchive.com/gilles-de-rais', 'https://hungryforlore.com/2023/04/07/was-gilles-de-rais-one-of-the-greatest-killers-ever/']}","What day, month, and year did Gilles de Rais confess to his crimes?","21 October, 1440."
"{'topic': 'History', 'answer_type': 'Number', 'urls': ['https://en.wikipedia.org/wiki/History_of_Kashmir#:~:text=It%20flourished%20in%20the%20seven,ending%20in%20mid%2D14th%20century.', 'https://en.wikipedia.org/wiki/History_of_Kashmir#:~:text=It%20flourished%20in%20the%20seven,ending%20in%20mid%2D14th%20century.', 'https://ijrpr.com/uploads/V4ISSUE1/IJRPR9617.pdf', 'https://en.m.wikiquote.org/wiki/History_of_Kashmir']}",For how many centuries did Hindu dynasties rule Kashmir?,7
"{'topic': 'History', 'answer_type': 'Number', 'urls': ['http://www.public-library.uk/dailyebook/Q-ships%20and%20their%20story%20(1922).pdf', 'https://www.gutenberg.org/cache/epub/54338/pg54338-images.html', 'https://upload.wikimedia.org/wikipedia/commons/2/27/Q-ships_and_their_story_%28IA_qshipstheirstory00chat%29.pdf', 'https://www.maritimeviews.co.uk/byy-biographies/sutherland-duke-of-k-g/']}","How many tons was the topsail schooner ""Lisette,"" built in 1873, which the Duke of Sutherland had formerly owned before she began working as a decoy craft in 1917?",116
"{'topic': 'History', 'answer_type': 'Place', 'urls': ['https://en.wikipedia.org/wiki/Joanna_of_Castile', 'https://en.wikipedia.org/wiki/Joanna_of_Castile#Marriage', 'https://www.madmonarchs.nl/madmonarchs/juana/juana_bio.htm', 'https://pt-br.facebook.com/TheGorgeousHistoryGeeks/posts/death-of-joanna-queen-of-castile-and-aragonjoanna-spanish-juana-slso-known-as-jo/770359106395090/']}",In which country was Joanna the Mad betrothed?,Low Countries.
"{'topic': 'History', 'answer_type': 'Number', 'urls': ['https://digitalcollections.ucalgary.ca/archive/At-the-forks-of-the-Grand---20-historical-essays-on-Paris--Ontario-2R3BF1FJHDS5T.html', 'https://www.bscene.ca/wp-content/uploads/2021/08/bscenesept2021web.pdf', 'https://books.google.co.za/books?id=5njNFgv5XjcC&pg=PA64&lpg=PA64&dq=How+old+was+Montreal+native+Charles+Whitlaw+in+1846+when+he+bought+a+grist+mill+on+Grand+River+Street+from+Robert+Kirkwood+in+Paris,+Ontario?&source=bl&ots=wE1gyfqQcC&sig=ACfU3U070MxWguy8YZoOCxCNavzcDvRxUA&hl=en&sa=X&ved=2ahUKEwj0w9G0mpmHAxXvaEEAHYVRACgQ6AF6BAgHEAM#v=onepage&q=How%20old%20was%20Montreal%20native%20Charles%20Whitlaw%20in%201846%20when%20he%20bought%20a%20grist%20mill%20on%20Grand%20River%20Street%20from%20Robert%20Kirkwood%20in%20Paris%2C%20Ontario%3F&f=false']}","How old was Montreal native Charles Whitlaw in 1846 when he bought a grist mill on Grand River Street from Robert Kirkwood in Paris, Ontario?",Twenty two
"{'topic': 'History', 'answer_type': 'Person', 'urls': ['https://en.wikipedia.org/wiki/Girvan_Yuddha_Bikram_Shah', 'https://en.wikipedia.org/wiki/Girvan_Yuddha_Bikram_Shah', 'https://www.instagram.com/royalhistoryinstitute/p/CylhyP5LOw1/', 'https://itihasaa.com/modern-kings/girvan-yuddha-bikram-shah/']}",What are the names of the parents of King Girvan Yuddha Bikram Shah?,Rana Bahadur Shah and Karnavati Jha.
"{'topic': 'History', 'answer_type': 'Number', 'urls': ['https://en.wikipedia.org/wiki/Weesp_train_disaster', 'https://en.wikipedia.org/wiki/Weesp_train_disaster', 'https://mx-schroeder.medium.com/watery-ways-the-1918-weesp-netherlands-train-derailment-06b2b5b1fe27', 'https://www.wikidata.org/wiki/Q1981245']}",What was the number of recorded injuries in the Weesp train disaster of 1918 in the Netherlands?,42 injuries. 
"{'topic': 'History', 'answer_type': 'Person', 'urls': ['https://filsonhistorical.org/wp-content/uploads/publicationpdfs/44-4-3_Squire-Boone-the-Forgotten-Man_Igleheart-Ted.pdf', 'https://en.wikipedia.org/wiki/Squire_Boone#:~:text=Squire%20Maugridge%20Boone%20Jr.,younger%20brother%20of%20Daniel%20Boone.', 'https://madisonsheritage.eku.edu/items/show/1749', 'https://www.oldest.org/people/daniel-boones-siblings/']}","What was the first and last name of Daniel Boone's younger brother born on October 5, 1744?",Squire Boone
"{'topic': 'History', 'answer_type': 'Place', 'urls': ['https://billygraham.org/story/billy-graham-trivia-what-well-known-publication-vowed-to-support-his-ministry/', 'https://billygraham.org/story/billy-graham-trivia-what-well-known-publication-vowed-to-support-his-ministry/', 'https://www.washingtonexaminer.com/magazine/647116/the-decency-of-billy-graham/#google_vignette']}","In what state did Henry R. Luce, co-founder of Time Inc. and creator of TIME, LIFE, Fortune, and Sports Illustrated, first meet Reverend Billy Graham?",South Carolina
"{'topic': 'History', 'answer_type': 'Date', 'urls': ['https://en.wikipedia.org/wiki/Cherry_Hospital', 'https://en.wikipedia.org/wiki/Cherry_Hospital#:~:text=A%20monument%20in%20memoriam%20of%20the%20patients%20interred%20on%20the%20old%20Cherry%20Hospital%20campus%20was%20dedicated%20on%20June%203%2C%202004.%5B5%5D', 'http://savannah.newsargus.com/news/archives/2004/06/04/cherry_hospital_dedicates_cemetery_monument/']}","What month, day, and year was a monument in memoriam of the patients interred on the old Cherry Hospital campus dedicated?","June 3, 2004"
"{'topic': 'History', 'answer_type': 'Place', 'urls': ['https://en.wikipedia.org/wiki/Yevgeny_Polivanov', 'https://en.wikipedia.org/wiki/Yevgeny_Polivanov', 'https://www.rferl.org/a/russian-memorial-victims-and-perpetrators-of-stalin-s-purges-stand-side-by-side/29679174.html']}","In which city was Yevgeny Polivanov arrested on August 16, 1937, during the Great Purge?",Bishkek
"{'topic': 'History', 'answer_type': 'Other', 'urls': ['https://www.sanskritimagazine.com/sthapatya-kala-ancient-indian-science-architecture/', 'https://www.123helpme.com/essay/Ancient-Indian-Architecture-149230', 'https://www.sanskritimagazine.com/sthapatya-kala-ancient-indian-science-architecture/', 'http://nrsrini.blogspot.com/2018/06/the-ancient-science-of-architecture.html']}",What was the science of architecture and civil construction known as in ancient India?,Sthapatya-Shastra
"{'topic': 'History', 'answer_type': 'Date', 'urls': ['https://en.wikipedia.org/wiki/Lucy_Weston_Pickett', 'https://en.wikipedia.org/wiki/Lucy_Weston_Pickett', 'https://axz.pages.dev/0xL0h0dHBzOi8vL2VuLndpa2lwZWRpYS5vcmcvL0x1Y3lfVy5fUGlja2V0dA', 'https://alchetron.com/Lucy-Weston-Pickett#Honors-and-awards']}",In what year did the chemist Lucy Weston Pickett receive an honorary Doctor of Science degree from Ripon College?,1958
"{'topic': 'History', 'answer_type': 'Other', 'urls': ['https://www.british-history.ac.uk/no-series/survey-of-london-stow/1603/pp44-71', 'https://www.gutenberg.org/files/42959/42959-h/42959-h.htm', 'https://www.dhi.ac.uk/strype/TransformServlet?page=book1_078', 'https://thames.me.uk/1603StowSurvey.htm']}","According to ""A Survey of London; Reprinted From the Text of 1603,"" the first constables of the Tower of London (Othowerus, Acolinillus, Otto, and Geoffrey de Mandeville) occupied land in East Smithfield, near the Tower, and turned it into what?",A vineyard.
"{'topic': 'History', 'answer_type': 'Date', 'urls': ['https://en.wikipedia.org/wiki/Ghana', 'https://en.wikipedia.org/wiki/Elmina_Castle#:~:text=Trade%20between%20Elmina,19%20January%201482', 'https://ghanalegacy.wordpress.com/2013/11/21/elmina-castle/#:~:text=In%201471%20Portuguese,for%20600%20men.']}",In what year did King John II of Portugal commission Diogo de Azambuja to build Elmina Castle?,1481
"{'topic': 'History', 'answer_type': 'Date', 'urls': ['https://en.wikipedia.org/wiki/Lothair_I', 'https://en.wikipedia.org/wiki/Lothair_I#:~:text=Lothair%20I%20(Dutch%20and%20Medieval,Francia%20(843%E2%80%93855).', 'https://monarchyoftheworld.fandom.com/wiki/Lothair_I,_Holy_Roman_Emperor_and_King_of_Italy', 'https://www.wikiwand.com/en/Lothair_I']}","What day, month, and year did Lothair I, King of Italy, become King of Middle Francia?",10 August 843
"{'topic': 'History', 'answer_type': 'Date', 'urls': ['https://en.wikipedia.org/wiki/Charles_P._Snyder_(admiral)', 'https://en.wikipedia.org/wiki/Charles_P._Snyder_(admiral)#:~:text=World%20War%20II.-,Personal%20life,in%20Bethesda%2C%20Maryland%20in%201964.', 'https://www.usnwcarchives.org/repositories/2/resources/212']}","Which day, month, and year did Admiral Charles Philip Snyder get married to Cornelia Lee Wolcott?",10 July 1902
"{'topic': 'History', 'answer_type': 'Place', 'urls': ['https://dn790006.ca.archive.org/0/items/knightsofengland02shawuoft/knightsofengland02shawuoft.pdf', 'https://www.historyofparliamentonline.org/volume/1604-1629/member/waller-sir-thomas-1569-1613']}","What fort was Thomas Waller of Branchele knighted at by Thomas Lord Burgh, Lord Deputy of Ireland, in 1597?",Blackwater fort
"{'topic': 'History', 'answer_type': 'Number', 'urls': ['https://en.wikipedia.org/wiki/Tomball_High_School', 'https://ths.tomballisd.net/our-school#:~:text=School%20was%20dismissed%20for%20four,could%20complete%20the%20school%20year.&text=By%201974%2C%20students%20began%20attending,which%20later%20became%20Quinn%20Road.', 'https://en.wikipedia.org/wiki/Tomball_High_School']}","How many days was school out after the fire in 1961 at Tomball High School in Harris County, Texas?",four days
"{'topic': 'History', 'answer_type': 'Person', 'urls': ['https://en.wikipedia.org/wiki/Nathaniel_Brent', 'https://en.wikipedia.org/wiki/Nathaniel_Brent', 'https://www.wikiwand.com/en/Nathaniel_Brent']}","What is the first and last name of the father-in-law of Sir Nathaniel Brent, son of Anchor Brent, from his first marriage?",Robert Abbot
"{'topic': 'History', 'answer_type': 'Person', 'urls': ['https://en.wikipedia.org/wiki/Lillian_Ngoyi#:~:text=Accompanied%20by%20her%20fellow%20activist%20Dora%20Tamana%2C', 'https://www.sahra.org.za/Wordpress/wp-content/uploads/2020/01/Heroine-Brochure.pdf', 'https://en.wikipedia.org/wiki/Lillian_Ngoyi', 'https://womenshistorynetwork.org/black-history-month-lilian-masediba-ngoyi-1911-1980/']}","Who accompanied Lilian Ngoyi on an illegal journey to Lausanne, Switzerland, to participate in the World Congress of Mothers held by the Women's International Democratic Federation (WIDF)?",Dora Tamana
"{'topic': 'History', 'answer_type': 'Date', 'urls': ['https://en.wikipedia.org/wiki/Stanford_University_centers_and_institutes#Michelle_R._Clayman_Institute_for_Gender_Research', 'https://en.wikipedia.org/wiki/Stanford_University_centers_and_institutes', 'https://gender.stanford.edu/people/adrian-daub/former-directors']}",In what year did Deborah Rhode take over from Judith Brown as Director of the Clayman Institute for Gender Research?,1986
"{'topic': 'History', 'answer_type': 'Date', 'urls': ['https://en.wikipedia.org/wiki/Frederick_Lugard,_1st_Baron_Lugard', 'https://en.wikipedia.org/wiki/Frederick_Lugard,_1st_Baron_Lugard', 'https://www.zikoko.com/citizen/the-nigerian-army-a-century-of-service/', 'https://www.gamji.com/nowa/nowa5.htm']}",In which month and year did Sir Frederick Lugard organize the West African Frontier Force?,August 1897
"{'topic': 'History', 'answer_type': 'Other', 'urls': ['https://en.wikipedia.org/wiki/James_L._Alcorn', 'https://www.politico.com/story/2007/02/this-day-on-capitol-hill-february-23-002845', 'https://en.wikipedia.org/wiki/James_L._Alcorn', 'https://historybynicklin.wordpress.com/reconstruction-in-mississippi/']}","What did CSA Brigadier General James Lusk Alcorn denounce as ""a cancer upon the body of the nation""?",slavery
"{'topic': 'History', 'answer_type': 'Other', 'urls': ['http://www.dominiopublico.gov.br/download/texto/gu000947.pdf', ""'https://www.gutenberg.org/files/947/947-h/947-h.htm'"", 'https://en.wikipedia.org/wiki/Horatio_Nelson,_1st_Viscount_Nelson', 'https://www.aboutnelson.co.uk/health.htm']}",What did Robert Southey state was the singular diagnosis for Horatio Lord Nelson's illness and subsequent evacuation during the San Juan expedition in 1780?,Dysentery
"{'topic': 'History', 'answer_type': 'Date', 'urls': ['https://en.wikipedia.org/wiki/Henry_Petty,_1st_Earl_of_Shelburne', 'https://en.wikipedia.org/wiki/Henry_Petty,_1st_Earl_of_Shelburne#:~:text=Henry%20Petty%2C%201st%20Earl%20of%20Shelburne%20PC%20(I)%20(,Commons%20from%201715%20to%201727.', 'https://alchetron.com/Henry-Petty,-1st-Earl-of-Shelburne#google_vignette']}","In what year was Henry Petty, 1st Earl of Shelburne, elected to the Irish House of Commons for Midleton?",1692
"{'topic': 'History', 'answer_type': 'Person', 'urls': ['https://en.wikipedia.org/wiki/Martha_Louisa_Cocke', 'https://digitalcommons.hollins.edu/presidents/index.html', 'https://www.hollins.edu/about-hollins/president-leadership/presidential-history/#:~:text=Matty%20Cocke%201901%20%E2%80%93%201933,woman%20college%20president%20in%20Virginia.', 'http://www.virginiaroom.org/digital/document/sr023']}",Who (full name) served as Hollins College's president from 1901 to 1933?,Martha Louisa Cocke a.k.a Miss Matty Cocke
"{'topic': 'History', 'answer_type': 'Date', 'urls': ['https://en.wikipedia.org/wiki/St_Jude%27s_Church,_Birmingham', 'https://birminghamhistory.co.uk/forum/threads/st-judes-church-hill-street.11943/', 'https://en.wikipedia.org/wiki/St_Jude%27s_Church,_Birmingham', 'https://www.loquis.com/en/loquis/779918/Saint+Jude+s+Church']}","On what day, month, and year was St. Jude's Church, Birmingham consecrated?",26 July 1851
"{'topic': 'History', 'answer_type': 'Date', 'urls': ['https://en.wikipedia.org/wiki/John_Stanhope,_1st_Baron_Stanhope', 'https://en.wikipedia.org/wiki/John_Stanhope,_1st_Baron_Stanhope#:~:text=He%20later%20sat%20for%20Northamptonshire,as%20Baron%20Stanhope%2C%20of%20Harrington.', 'https://en.teknopedia.teknokrat.ac.id/wiki/John_Stanhope,_1st_Baron_Stanhope', 'https://www.maltagenealogy.com/LeighRayment/peers/peersS5.htm']}","What were the month, day, and year John Stanhope was raised to the peerage as Baron Stanhope of Harrington?","May 2, 1605"
"{'topic': 'History', 'answer_type': 'Date', 'urls': ['https://en.wikipedia.org/wiki/Motonori_Matuyama', 'https://en.wikipedia.org/wiki/Motonori_Matuyama', 'https://www.lindahall.org/about/news/scientist-of-the-day/motonori-matuyama/', 'https://www.encyclopedia.com/science/dictionaries-thesauruses-pictures-and-press-releases/matuyama-motonori-0']}","On what day, month, and year was Motonori Matuyama born?",25 October 1884
"{'topic': 'History', 'answer_type': 'Person', 'urls': ['https://www.greaterkashmir.com/opinion/chinar-the-heritage-tree-of-kashmir/#google_vignette', 'https://www.greaterkashmir.com/opinion/chinar-the-heritage-tree-of-kashmir/', 'https://kashmirlife.net/kashmirs-chinar-identity-vol-14-issue-11-294178/', 'https://youngintach.org/files/tree_study17.pdf']}",Who planted the first Chinar tree in Kashmir?,Syed Qasim Shah Hamdani.
"{'topic': 'History', 'answer_type': 'Number', 'urls': ['https://en.wikipedia.org/wiki/Princess_Bathildis_of_Anhalt-Dessau', 'https://en.wikipedia.org/wiki/Princess_Bathildis_of_Anhalt-Dessau', 'https://gw.geneanet.org/comrade28?lang=en&n=anhalt+dessau&p=princess+bathildis+of', 'https://ancestors.familysearch.org/en/KH3P-NSB/prinzessin-bathildis-von-anhalt-dessau-1837-1902']}",At what age did Princess Bathildis of Anhalt-Dessau die?,64
"{'topic': 'History', 'answer_type': 'Date', 'urls': ['https://www.gutenberg.org/cache/epub/70046/pg70046-images.html\nhttps://www.digitalcommonwealth.org/search/commonwealth:70795t418', 'https://pplma.omeka.net/items/show/18']}",On what date (Month/Day/Year) were two ancient cannons presented to Plymouth at Burial Hill by the British Government?,"October 4, 1921"
"{'topic': 'History', 'answer_type': 'Date', 'urls': ['https://en.wikipedia.org/wiki/Thomas_Edison', 'https://en.wikipedia.org/wiki/Thomas_Edison', 'https://en.wikipedia.org/wiki/SS_Columbia_(1880)', 'https://www.cherrymortgages.com/historic_britain/Thomas_Alva_Edison.htm']}",What year was Thomas Edison's equipment removed from the Columbia steamer?,1895.
"{'topic': 'History', 'answer_type': 'Date', 'urls': ['https://en.wikipedia.org/wiki/Peter_III_of_Aragon', 'https://en.wikipedia.org/wiki/Peter_III_of_Aragon', 'https://www.britannica.com/biography/Peter-III-king-of-Aragon-and-Sicily', 'http://www.bestofsicily.com/mag/art308.htm']}","What day, month, and year did Peter III of Aragon become King of Sicily?",4 September 1282
"{'topic': 'History', 'answer_type': 'Date', 'urls': ['https://en.wikipedia.org/wiki/Jacob_Pieter_Den_Hartog', 'https://en.wikipedia.org/wiki/Jacob_Pieter_Den_Hartog', 'https://archivesspace.mit.edu/repositories/2/resources/897']}",In what year did Jacob Pieter Den Hartog become Professor Emeritus upon his retirement from the Massachusetts Institute of Technology?,1967
"{'topic': 'History', 'answer_type': 'Date', 'urls': ['https://en.wikipedia.org/wiki/War_of_the_currents#The_current_war_ends', 'https://www.heraldnet.com/news/new-york-finally-pulls-plug-on-dc-electricity/']}",What year was the last DC utility in NYC shut down?,2007
"{'topic': 'History', 'answer_type': 'Date', 'urls': ['https://mathshistory.st-andrews.ac.uk/Biographies/Hironaka/', 'https://mathshistory.st-andrews.ac.uk/Biographies/Hironaka/', 'https://www.britannica.com/biography/Hironaka-Heisuke', 'https://en.wikipedia.org/wiki/Heisuke_Hironaka']}","What are the month, day, and year Heisuke Hironaka was inaugurated as president of Yamaguchi University?","16 May, 1996."
"{'topic': 'History', 'answer_type': 'Person', 'urls': ['https://en.wikipedia.org/wiki/Friedrich_Paulus', 'https://en.wikipedia.org/wiki/Friedrich_Paulus#', 'https://www.wehrmacht-history.com/personnel/p/paulus-friedrich-wilhelm-ernst-heer-personnel-file.html', 'https://military-history.fandom.com/wiki/Friedrich_Paulus']}","What famous field marshal said, ""I have no intention of shooting myself for this Bohemian corporal""?",Friedrich Paulus
"{'topic': 'History', 'answer_type': 'Date', 'urls': ['https://en.wikipedia.org/wiki/Louis_XIII', 'https://en.wikipedia.org/wiki/Louis_XIII', 'https://gw.geneanet.org/comrade28?lang=en&n=france&p=king+louis+xiii+of', 'https://www.wikiwand.com/en/Louis_II_of_Navarre']}","On what day, month, and year did King Louis II's, also known as King Louis XIII of France, reign as King of Navarre end?",20 October 1620
"{'topic': 'History', 'answer_type': 'Date', 'urls': ['https://en.wikipedia.org/wiki/Eyre_Chatterton', 'https://en.wikipedia.org/wiki/Eyre_Chatterton#:~:text=Eyre%20Chatterton%20(22%20July%201863,also%20an%20amateur%20tennis%20player.', 'https://www.thepeerage.com/p36461.htm', 'https://www.wikiwand.com/en/Eyre_Chatterton']}","On what day, month, and year was Eyre Chatterton born?",22 July 1863
"{'topic': 'History', 'answer_type': 'Date', 'urls': ['https://www.britannica.com/place/Kashmir-region-Indian-subcontinent', 'https://www.britannica.com/place/Kashmir-region-Indian-subcontinent', 'https://en.wikipedia.org/wiki/Line_of_Control']}","In which year did a ""line of control"" divide the Indian and Pakistani portions?",1972
"{'topic': 'History', 'answer_type': 'Other', 'urls': ['https://en.wikipedia.org/wiki/James_Murray_(lexicographer)', 'https://en.wikipedia.org/wiki/James_Murray_(lexicographer)#:~:text=In%201861%2C%20Murray%20met%20a,tuberculosis%2C%20then%20known%20as%20consumption.', 'https://www.findagrave.com/memorial/16764041/james-augustus_henry-murray', 'https://accrediteddrugtesting.com/in-home-drug-testing-murray-id/']}","What is the name of the illness, as it was known at that time, from which Anna, the daughter of Sir James Augustus Henry Murray, the primary editor of the Oxford English Dictionary from 1879, died?",Consumption
"{'topic': 'History', 'answer_type': 'Date', 'urls': ['https://en.wikipedia.org/wiki/SS_Olympia', 'https://www.wrecksite.eu/wreck.aspx?132399', 'https://military-history.fandom.com/wiki/SS_Olympia', 'https://dp.la/item/14152937d307c0604f76229d9863cb4d']}","What day, month, and year did the SS Olympia (1883) wreck?","10 December, 1910."
"{'topic': 'History', 'answer_type': 'Date', 'urls': ['https://en.wikipedia.org/wiki/John_Lawrence_LeConte', ""'https://en.wikipedia.org/wiki/John_Lawrence_LeConte'"", 'https://content.ucpress.edu/pages/10132/10132.sample.pdf', 'https://civilwar-history.fandom.com/wiki/John_Lawrence_LeConte']}",In what year did John Lawrence LeConte travel to California via Panama?,1849
"{'topic': 'History', 'answer_type': 'Date', 'urls': ['p. 10\nhttps://www.heart.org/-/media/files/about-us/history/history-of-the-american-heart-association.pdf', 'https://www.heart.org/-/media/files/about-us/history/history-of-the-american-heart-association.pdf']}",In what year did Anne Golden become the first woman to chair the American Heart Association board of directors?,1991
"{'topic': 'History', 'answer_type': 'Date', 'urls': ['https://en.wikipedia.org/wiki/Royal_E._Ingersoll', 'https://en.wikipedia.org/wiki/Royal_E._Ingersoll#:~:text=Two%20years%20later%2C%20he%20returned,the%20Augusta%20as%20his%20flagship.', 'https://www.history.navy.mil/research/library/research-guides/modern-biographical-files-ndl/modern-bios-i/ingersoll-royal-e.html', 'https://www.findagrave.com/memorial/5074522/royal-eason-ingersoll']}","Which day, month, and year was Admiral Royal Eason Ingersoll designated as the Commander in Chief, U.S. Atlantic Fleet?",1 January 1942
"{'topic': 'History', 'answer_type': 'Person', 'urls': ['https://en.wikipedia.org/wiki/USCGC_Eagle_(WIX-327)', 'https://en.wikipedia.org/wiki/USCGC_Eagle_(WIX-327)', 'https://web.archive.org/web/20160306053234/http://connecticutexplored.org/wordpress/wp-content/uploads/2011/11/Eagle-Fall-2011.pdf', 'https://portal.ct.gov/oma/in-the-news/2021-news/birth-of-the-eagle-how-a-nazi-training-ship-found-its-way-to-the-coast-guard-academy']}","On 15 May 1946, who commissioned the USCGC Eagle (WIX-327) into the United States Coast Guard?",Gordon McGowan
"{'topic': 'History', 'answer_type': 'Person', 'urls': ['https://www.northgrenville.ca/things-to-do/history-heritage/historical-walking-tours/burritts-rapids', 'https://www.northgrenville.ca/component/mtree/walking-tours/burritts-rapids#:~:text=The%20Community%20Hall%20was%20built,store%20with%20living%20quarters%20above.', 'https://www.rideau-info.com/canal/history/burritts-tour/index.html', 'https://rideautwphistory.org/wp-content/uploads/2022/08/2022-08-09-BR-Walking-Tour-small.pdf']}","The Community Hall (23 Grenville Street), purchased in 1935 by a group of residents in Burritts Rapids, Ontario, was built in 1840 as a general store by a man named what?",John Strahan French
"{'topic': 'History', 'answer_type': 'Other', 'urls': ['https://en.wikipedia.org/wiki/James_Zwerg', 'https://en.wikipedia.org/wiki/James_Zwerg#:~:text=His%20father%20was%20a%20dentist,student%20protests%20in%20high%20school.', 'https://www.tennessean.com/story/news/local/2017/03/01/jim-zwerg-nashvilles-accidental-civil-rights-advocate/98599254/', 'https://spartacus-educational.com/USAzwerg.htm']}",What was James Zwerg's father's profession?,Dentist
"{'topic': 'History', 'answer_type': 'Other', 'urls': ['https://www.gutenberg.org/files/60408/60408-h/60408-h.htm', 'https://www.gutenberg.org/cache/epub/60408/pg60408-images.html', 'https://www.google.com/books/edition/Franz_Joseph_and_Elisabeth/nS8FAgAAQBAJ?hl=en&gbpv=1&dq=empress+elisabeth+neurasthenia+wittelsbach&pg=PA138&printsec=frontcover', 'https://www.google.com/books/edition/A_Nervous_Splendor_Vienna_1888_1889/0sCnEAAAQBAJ?hl=en&gbpv=1&dq=empress+elisabeth+neurasthenia&pg=PT31&printsec=frontcover', 'https://www.academia.edu/1200921/Viennas_Most_Fashionable_Neurasthenic_Empress_Sisi_and_the_Cult_of_Size_Zero']}","According to Karl Küchler, what was the name of the hereditary disease that the House of Wittelsbach had, which would become more pronounced in Empress Elisabeth?",Neurasthenia.
"{'topic': 'History', 'answer_type': 'Date', 'urls': ['https://en.wikipedia.org/wiki/Pakistan_International_Airlines', 'https://en.wikipedia.org/wiki/Pakistan_International_Airlines#:~:text=On%2020%20January%201978%2C%20a,route%20to%20Karachi%20from%20Sukkur.', 'https://historyofpia.com/hijackings3.htm#google_vignette']}","What were the day, month, and year when Pakistan International Airlines Fokker 27 was hijacked en route to Karachi from Sukkur?","20 January, 1978"
"{'topic': 'History', 'answer_type': 'Person', 'urls': ['https://www.british-history.ac.uk/no-series/survey-of-london-stow/1603/pp44-71', 'https://www.gutenberg.org/files/42959/42959-h/42959-h.htm#Page_11', 'https://londonwiki.co.uk/StowSurvey/towers.shtml', 'https://www.google.com/books/edition/A_Survay_of_London/ApMKAAAAYAAJ?hl=en&gbpv=1&bsq=passelew']}","According to ""A Survey of London; Reprinted From the Text of 1603,"" in 1206, 1220, 1224, and 1243, Crown pleas were heard in the Tower of London, with William of York, Richard Passelew, Henry Bathe, and which other justice presiding?",Jerome of Saxton.
"{'topic': 'History', 'answer_type': 'Number', 'urls': ['https://en.wikipedia.org/wiki/Charles_P._Snyder_(admiral)', 'https://en.wikipedia.org/wiki/Charles_P._Snyder_(admiral)', 'https://www.usnwcarchives.org/repositories/2/resources/212', 'https://ancestors.familysearch.org/en/M711-M16/adm.-charles-phillip-snyder-1879-1964']}",How many children did Admiral Charles Philip Snyder and Cornelia Lee Wolcott have?,3
"{'topic': 'History', 'answer_type': 'Date', 'urls': ['http://www.public-library.uk/dailyebook/Q-ships%20and%20their%20story%20(1922).pdf', 'https://books.google.com/books?id=XzMFAAAAIAAJ&pg=PA100&lpg=PA100&dq=Salvia+struck+by+torpedo+52.15N&source=bl&ots=NwfKktmtED&sig=ACfU3U2z5pt9AWxMzrYy41klmolLmEGQkQ&hl=en&sa=X&ved=2ahUKEwiDz82IhomHAxUpGVkFHf4YCS4Q6AF6BAgIEAM#v=onepage&q=Salvia%20struck%20by%20torpedo%2052.15N&f=false', 'http://www.public-library.uk/dailyebook/Q-ships%20and%20their%20story%20(1922).pdf']}","On what date (day/month/year) was the Q-Ship “Salvia” (alias Q-15) struck by a torpedo at Lat. 52.15N, Long. 16.13W?","June 20, 1917"
"{'topic': 'History', 'answer_type': 'Number', 'urls': ['https://en.wikipedia.org/wiki/Century_of_Progress', 'http://www.idph.state.il.us/timeline/history1930.htm#:~:text=An%20outbreak%20of%20amebic%20dysentery,water%20supply%20causing%20the%20illnesses.', 'https://en.wikipedia.org/wiki/Century_of_Progress', 'https://en.wikipedia.org/wiki/Amoebiasis']}",How many deaths were caused by an amoebic dysentery outbreak at the Century of Progress World's Fair?,98
"{'topic': 'History', 'answer_type': 'Date', 'urls': ['https://en.wikipedia.org/wiki/Moncef_Bey', 'https://en.wikipedia.org/wiki/Moncef_Bey', 'https://www.wikiwand.com/en/List_of_beys_of_Tunis', 'https://www.academia.edu/111517222/THE_ENCYCLOPAEDIA_OF_ISLAM_THREE?uc-sb-sw=28228293']}","Which day, month, and year marked the beginning of Moncef Bey's reign?","19 June, 1942"
"{'topic': 'History', 'answer_type': 'Number', 'urls': ['https://collection.sciencemuseumgroup.org.uk/people/ap24553/wheatstone-charles', 'https://collection.sciencemuseumgroup.org.uk/people/ap24553/wheatstone-charles', 'https://www.thoughtco.com/sir-charles-wheatstone-1992662', ""https://www.npg.org.uk/collections/search/portrait/mw08491/Sir-Charles-Wheatstone-and-his-family#:~:text=Linked%20publications&text=The%20sitters%20are%20(left%20to,died%20before%20her%20husband's%20knighthood.""]}",How many sons did Charles Wheatstone have?,Two
"{'topic': 'History', 'answer_type': 'Other', 'urls': ['https://vedabase.io/en/library/letters/letter-to-raja-mohendra-pratap/', 'https://prabhupadabooks.com/pdf/Letters_from_Srila_Prabhupada-Vol.1_1947-1969.pdf', 'https://vedabase.io/en/library/letters/letter-to-raja-mohendra-pratap/', 'https://prabhupadaletters1947.blogspot.com/']}","How was Raja Mohendra Pratap addressed in the salutation of the letter sent by Abhay Charan De, also known as A. C. Bhaktivedanta Swami Prabhupada, on July 13, 1947?","Dear Raja Sahib, "
"{'topic': 'History', 'answer_type': 'Date', 'urls': ['https://artefacts.co.za/main/Buildings/archframes_mob.php?archid=4103', 'https://artefacts.co.za/main/Buildings/archframes_mob.php?archid=4103', 'https://core.ac.uk/download/pdf/188225915.pdf', 'https://www.dieconradies.com/files/CONRADIE_FAMILIE_Volume_1.pdf']}",On which day/month/year did South African architect Albertus Petrus Snyman Conradie die?,26 December 1999
"{'topic': 'History', 'answer_type': 'Date', 'urls': ['https://en.wikipedia.org/wiki/Susumu_Tonegawa', 'https://www.britannica.com/biography/Tonegawa-Susumu', 'https://www.nobelprize.org/prizes/medicine/1987/tonegawa/facts/', 'https://www.famousscientists.org/susumu-tonegawa/']}","On which day, month, and year was Susumu Tonegawa, the Nobel Prize winner in Physiology or Medicine (1987), born?",5 September 1939
"{'topic': 'History', 'answer_type': 'Date', 'urls': ['https://www.nps.gov/people/moses-cone.htm', 'https://www.nps.gov/people/moses-cone.htm#:~:text=In%201906%2C%20Moses%20and%20Bertha%20took%20a%20year%2Dlong%20trip%20around%20the%20world.', 'https://www.findagrave.com/memorial/27909640/bertha-cone#:~:text=In%201906%20Bertha%20and%20Moses%20went%20on%20a%20world%20tour%20and%20collected%20works%20of%20art%20to%20furnish%20and%20display%20in%20their%20Flat%20Top%20Manor%20mansion.', 'https://youtu.be/7300LYK_oZ0?t=692']}",In what year did Moses Cone and Bertha Lindau begin their year-long trip around the world?,1906
"{'topic': 'History', 'answer_type': 'Other', 'urls': ['https://en.wikipedia.org/wiki/George_A._Porterfield', 'https://www.spiritofjefferson.com/news/opinion/article_81b860f8-e755-11ec-9401-efd634f939ca.html', 'https://en.wikipedia.org/wiki/George_A._Porterfield', 'https://www.battlefields.org/learn/biographies/george-porterfield#:~:text=In%201871%2C%20he%20founded%20the,Martinsburg%20on%20February%2027%2C%201919.']}",Which West Virginia bank did Colonel George Alexander Porterfield help found and work in as a cashier after the end of the Civil War?,Bank of Charles Town
"{'topic': 'History', 'answer_type': 'Date', 'urls': ['1. https://en.wikipedia.org/wiki/Vehicle_registration_plates_of_Japan', 'https://en.wikipedia.org/wiki/Vehicle_registration_plates_of_Japan', 'https://licenseplatemania.com/landenpaginas/japan.htm', 'https://olavsplates.com/japan_slow.html']}",In what year were double-digit vehicle codes introduced in Japan for the first time?,1967
"{'topic': 'History', 'answer_type': 'Number', 'urls': ['https://www.faa.gov/lessons_learned/transport_airplane/accidents/PH-BUF', 'https://www.faa.gov/lessons_learned/transport_airplane/accidents/PH-BUF#:~:text=With%20a%20total%20of%20583,on%20the%20Pan%20Am%20flight.', 'https://en.wikipedia.org/wiki/Tenerife_airport_disaster']}",What is the total number of passengers that died when KLM Flight 4805 and Pan Am Flight 1736 collided?,583
"{'topic': 'History', 'answer_type': 'Place', 'urls': ['https://en.wikipedia.org/wiki/Battle_of_Austerlitz', 'https://en.wikipedia.org/wiki/Battle_of_Austerlitz#cite_note-nap01-91', 'https://military-history.fandom.com/wiki/Battle_of_Austerlitz']}","After what battle did Napoleon say, ""Soldats! Je suis content de vous""? (English: Soldiers! I am pleased with you).",Battle of Austerlitz
"{'topic': 'History', 'answer_type': 'Date', 'urls': ['https://en.wikipedia.org/wiki/Arthur_C._Wade', 'https://en.wikipedia.org/wiki/Arthur_C._Wade', 'https://www.findagrave.com/memorial/12497190/arthur-c_-wade']}","In which year was Arthur C. Wade, an American lawyer in the 1800s and New York politician, first admitted to the state bar?",1877
"{'topic': 'History', 'answer_type': 'Date', 'urls': ['https://en.wikipedia.org/wiki/Ivan_Karlovi%C4%87', 'https://en.wikipedia.org/wiki/Ivan_Karlovi%C4%87#:~:text=Siege%20of%20Vienna.-,Death,Zagreb%2C%20under%20the%20great%20altar.', 'https://military-history.fandom.com/wiki/Ivan_Karlovi%C4%87', 'https://www.wikidata.org/wiki/Q6096586']}","What day, month, and year did Ivan Karlović die?","August 9, 1531"
"{'topic': 'History', 'answer_type': 'Other', 'urls': ['https://ia801308.us.archive.org/19/items/historickingston03kinguoft/historickingston03kinguoft.pdf', 'https://ia801308.us.archive.org/19/items/historickingston03kinguoft/historickingston03kinguoft.pdf', 'https://www.gutenberg.org/cache/epub/58849/pg58849-images.html']}","In 1841, which steamer did Captain Shepherd take from Brockville through all the Cornwall and Coteau rapids to Lachine?",St David.
"{'topic': 'History', 'answer_type': 'Date', 'urls': ['https://en.wikipedia.org/wiki/Anna_Catharina_Bischoff', 'https://en.wikipedia.org/wiki/Anna_Catharina_Bischoff#:~:text=Anna%20Catharina%20Bischoff%20(23%20March,of%20the%20pastor%20Lucas%20Gernler.', 'https://www.ancestry.com.au/genealogy/records/anna-catharina-bischoff-24-29s3hpm', 'https://bmcbiol.biomedcentral.com/articles/10.1186/s12915-022-01509-7#:~:text=Genealogic%20studies%20and%20molecular%20analyses,years%20%5B2%2C%203%5D.']}","On which day, month, and year did Anna Catharina Bischoff die?","August 30, 1787"
"{'topic': 'History', 'answer_type': 'Date', 'urls': ['https://en.wikipedia.org/wiki/Narinder_Kumar_Gupta', 'https://en.wikipedia.org/wiki/Narinder_Kumar_Gupta#:~:text=Narinder%20Kumar%20Gupta%20is%20a,and%20high%20rates%20of%20loading.', 'https://siam-india.in/associated-persons/112-2/', 'https://shellbuckling.com/presentations/livingA2G/pages/page_455.html']}","On which day, month, and year was Prof. Narinder Kumar Gupta (a professor of Mechanics at the Indian Institute of Technology in Delhi) born?",22 August 1942
"{'topic': 'History', 'answer_type': 'Date', 'urls': ['https://en.wikipedia.org/wiki/Miroslav_Fiedler', 'https://en.wikipedia.org/wiki/Miroslav_Fiedler', 'https://mathshistory.st-andrews.ac.uk/Biographies/Fiedler/', 'https://www.cs.cas.cz/fiedler/']}","On what day, month, and year did the Czech mathematician Miroslav Fiedler die?",20 November 2015
"{'topic': 'History', 'answer_type': 'Date', 'urls': ['https://en.wikipedia.org/wiki/Peder_Munk', 'https://en.wikipedia.org/wiki/Peder_Munk', 'https://military-history.fandom.com/wiki/Peder_Munk', 'https://kids.kiddle.co/Peder_Munk']}","What were the month, day, and year Peder Munk of Estvadgård was born?","April 22, 1534"
"{'topic': 'History', 'answer_type': 'Date', 'urls': ['https://en.wikipedia.org/wiki/Austin_M._Knight', 'https://en.wikipedia.org/wiki/Austin_M._Knight#:~:text=Knight%20married%20Alice%20Tobey%2C%20step,their%20daughter%2C%20also%20named%20Alice.', 'https://www.werelate.org/wiki/Person:Austin_Knight_(19)']}","Which day, month, and year did Admiral Austin Melvin Knight marry Alice Tobey?","January 3, 1878"
"{'topic': 'History', 'answer_type': 'Person', 'urls': ['https://en.wikipedia.org/wiki/Mayo_College', 'https://en.wikipedia.org/wiki/Mayo_College#:~:text=It%20was%20founded%20in%201875%20and%20Colonel%20Sir%20Oliver%20St,an%20%22Eton%20of%20India%22.', 'https://mayocollegeboys.weebly.com/about-mayo.html', 'https://mayoalumni.in/about-mayo']}",Who was the first principal of Mayo College in India?,Colonel Sir Oliver St John
"{'topic': 'History', 'answer_type': 'Person', 'urls': ['https://en.wikipedia.org/wiki/Charlotte_Lee,_Lady_Baltimore', 'https://en.wikipedia.org/wiki/Charlotte_Lee,_Lady_Baltimore#:~:text=She%20married%20in%201699%2C%20Benedict,she%20later%20married%20Christopher%20Crowe.', 'https://gw.geneanet.org/7azerty?lang=en&n=fitzroy&p=charlotte', 'https://en.wikipedia.org/wiki/Christopher_Crowe_(diplomat)']}","What was the first and last name of the second husband of Charlotte Lee, Lady Baltimore?",Christopher Crowe.
"{'topic': 'History', 'answer_type': 'Person', 'urls': ['https://nysba.org/the-birth-of-the-new-york-state-bar-association/#_edn114', 'https://www.albanylaw.edu/katestoneman/about-kate-stoneman', 'https://nysba.org/NYSBA/Sections/Women%20in%20Law/Trailblazers/CWIL_Trailblazers_Brochure.pdf', 'https://en.wikipedia.org/wiki/Kate_Stoneman']}",What was the first and last name of the first woman lawyer admitted in New York state?,Kate Stoneman
"{'topic': 'History', 'answer_type': 'Date', 'urls': ['https://bgscil.org/history/#:~:text=As%20they%20arrived%2C%20they%20began,Samuel%20Vinson.', 'https://en.wikipedia.org/wiki/National_Baptist_Convention,_USA,_Inc.#:~:text=In%201838%2C%20following%20the%20lead,the%20Wood%20River%20Baptist%20Association.', 'https://bgscil.org/history/#:~:text=For%20this%20reason%2C%20a%20number%20of%20Black%20churches%20organized%20the%20Wood%20River%20Baptist%20District%20Association%20on%20April%2027%2C%201838%2C%20in%20the%20home%20of%20Mr.%20Samuel%20Vinson.%20They%20held%20their%20first%20session%20in%20the%20Mt.%20Zion%20Baptist%20Church%20of%20Ridge%203%2C%20Prairie%2C%20Illinois%2C%20in%20Madison%20County%2C%20on%20September%2013%20of%20that%20same%20year.', 'http://www.blackandchristian.com/articles/academy/trussell1.shtml#:~:text=The%20first%20attempt%20at%20organization%20beyond%20the%20local%20church%20occurred%20in%201836%20with%20the%20Providence%20Baptist%20Association%20in%20Ohio.%20The%20second%20oldest%20attempt%20to%20consolidate%20the%20Baptist%20churches%20on%20the%20national%20level%20was%20the%20Wood%20River%20Baptist%20Association%20founded%20in%201838%20in%20Illinois.']}",In what year was the Wood River Baptist Association formed in Illinois?,1838
"{'topic': 'History', 'answer_type': 'Date', 'urls': ['https://en.wikipedia.org/wiki/S%C3%BCleymaniye_Mosque#Overall_design', ""'https://en.wikipedia.org/wiki/S%C3%BCleymaniye_Mosque'"", 'https://www.britannica.com/topic/Suleymaniye-Mosque', 'https://www.themarmarahotels.com/taksim/suleymaniye-mosque']}",What year was the Süleymaniye damaged in the great fire?,1660
"{'topic': 'History', 'answer_type': 'Date', 'urls': ['https://victorianweb.org/history/pms/portland.html', 'https://victorianweb.org/history/pms/portland.html', 'https://www.historyhome.co.uk/pms/portland.htm']}","In what month and year was William Bentinck, Duke of Portland, appointed as Chancellor of Oxford University?",September 1792
"{'topic': 'History', 'answer_type': 'Person', 'urls': ['https://en.wikipedia.org/wiki/Marie_Colinet', ""https://www.brooklynmuseum.org/eascfa/dinner_party/heritage_floor/marie_colinet#:~:text=Midwife%20and%20surgeon%20Marie%20Colinet,steel%20from%20a%20patient's%20eye."", 'https://en.wikipedia.org/wiki/Marie_Colinet', 'https://en.wikipedia.org/wiki/History_of_surgery']}",Who was the first female surgeon known to use a magnet to extract a piece of metal from a patient's eye?,Marie Colinet
"{'topic': 'History', 'answer_type': 'Other', 'urls': ['https://www.lynmuseum.ca/2016/11/18/newbliss-hamlet-kitley/\nhttps://www.ucdsb.on.ca/community/historical_school_information/leeds_county_school_information', 'https://en.wikipedia.org/wiki/Elizabethtown-Kitley#:~:text=Newbliss%20had%20two%20schoolhouses%20to,%235%20Newbliss%20School.', 'https://www.lynmuseum.ca/2016/10/29/newbliss-school-one-room-schoolhouse-kitley/', 'http://www.oneroomschoolhouses.ca/elizabethtown-kitley.html']}","What was the name of the first schoolhouse in Newbliss, Ontario, built around 1830?",S.S. #5 Newbliss School.
"{'topic': 'History', 'answer_type': 'Date', 'urls': ['https://en.wikipedia.org/wiki/Syed_Ahmad_Khan', 'https://en.wikipedia.org/wiki/Syed_Ahmad_Khan', 'https://en.dharmapedia.net/wiki/Syed_Ahmed_Khan', 'https://encyclopedia.pub/entry/34113']}",In what year was Sir Syed Ahmed Khan appointed as the Munsif of Fatehpur Sikri?,1841
"{'topic': 'History', 'answer_type': 'Date', 'urls': ['https://en.wikipedia.org/wiki/TCG_Yavuz_(F_240)', 'https://en.wikipedia.org/wiki/TCG_Yavuz_(F_240)', 'https://www.shipspotting.com/photos/1354303', 'https://shipshub.com/ships/113-1.html.']}","What date, month, and year was TCG Yavuz (F240) commissioned?",17 July 1987
"{'topic': 'History', 'answer_type': 'Date', 'urls': ['https://en.wikipedia.org/wiki/Benito_Mussolini', ""'https://en.wikipedia.org/wiki/Benito_Mussolini'"", 'https://adp.library.ucsb.edu/index.php/mastertalent/detail/102259/Mussolini_Benito', 'https://artsandculture.google.com/entity/benito-mussolini/m0177g?hl=en']}",What year did Benito Mussolini become a member of the National Directorate of the Italian Socialist Party?,1912
"{'topic': 'History', 'answer_type': 'Date', 'urls': ['https://en.wikipedia.org/wiki/Alma_S._Woolley', ""'https://en.wikipedia.org/wiki/Alma_S._Woolley'"", 'https://www.washingtontimes.com/news/2005/dec/29/20051229-094205-2888r/', 'https://www.legacy.com/us/obituaries/pressofatlanticcity/name/alma-woolley-obituary?id=28480811']}",In what year was Alma S. Woolley appointed director of the School of Nursing at Illinois Wesleyan University?,1981
"{'topic': 'History', 'answer_type': 'Other', 'urls': ['https://digitalcollections.ucalgary.ca/archive/At-the-forks-of-the-Grand---20-historical-essays-on-Paris--Ontario-2R3BF1FJHDS5T.html', 'https://books.google.com.ph/books?id=5njNFgv5XjcC&pg=PA115&lpg=PA115&dq=Orlande+H.+Duncombe+and+Alonzo+N.+Parney&source=bl&ots=wE0pxgsR7B&sig=ACfU3U1qLygTLkIHbBSwekbNFsNLqWN5vg&hl=en&sa=X&ved=2ahUKEwil9qu9xfmGAxXCUPUHHUVaB18Q6AF6BAgdEAM#v=onepage&q=lamp&f=false']}","When the electric street lamp contract in Paris, Ontario, with Orlande H. Duncombe and Alonzo N. Parney expired in 1887, what company agreed to light 25 lamps until 12 p.m. for 26 cents a lamp per night?",Paris Electric Light Company 
"{'topic': 'History', 'answer_type': 'Date', 'urls': ['https://en.wikipedia.org/wiki/Jovian_(emperor)', 'https://en.wikipedia.org/wiki/Jovian_(emperor)', 'https://blogs.nottingham.ac.uk/mintimperials/2016/06/27/on-this-day-in-ad-363-the-roman-emperor-jovian-ascended-the-throne/', 'https://www.britannica.com/biography/Jovian']}","What day, month, and year did Jovian become a Roman emperor?",27 June 363
"{'topic': 'History', 'answer_type': 'Date', 'urls': ['https://en.wikipedia.org/wiki/Richard_E._Byrd', 'https://en.wikipedia.org/wiki/Richard_E._Byrd#:~:text=This%20assignment%20brought%20Byrd%20into,)%20on%20June%208%2C%201915.', 'https://www.history.navy.mil/content/history/nhhc/our-collections/photography/us-people/b/byrd-richard-e.html', 'https://www.history.navy.mil/content/history/nhhc/our-collections/photography/us-people/b/byrd-richard-e.html']}","On what day, month, and year was Richard Evelyn Byrd Jr. promoted to the rank of Lieutenant (Junior Grade)?","June 8, 1915"
"{'topic': 'History', 'answer_type': 'Date', 'urls': ['https://en.wikipedia.org/wiki/Peace_at_Home,_Peace_in_the_World\nhttps://whoisataturk.com/g/icerik/Peace-at-home-peace-in-the-world/208', 'https://en.wikipedia.org/wiki/Peace_at_home,_peace_in_the_world#:~:text=The%20slogan%20%22Peace%20at%20home,during%20his%20tours%20of%20Anatolia.', 'https://acikerisim.gelisim.edu.tr/xmlui/bitstream/handle/11363/1814/Week09_%28ata2-en%29_ekarakoc.pdf?sequence=6&isAllowed=y', 'https://whoisataturk.com/g/icerik/Peace-at-home-peace-in-the-world/208']}","What day, month, and year did MKA first say, ""Peace at home, peace in the world?""",20 April 1931
"{'topic': 'History', 'answer_type': 'Date', 'urls': ['https://mathshistory.st-andrews.ac.uk/Biographies/Iyanaga/', 'https://en.wikipedia.org/wiki/Shokichi_Iyanaga', 'https://mathshistory.st-andrews.ac.uk/Biographies/Iyanaga/', 'https://prabook.com/web/shokichi.iyanaga/1305258']}",What year did Shokichi Iyanaga become Dean of the Faculty of Science at Tokyo University?,1965
"{'topic': 'History', 'answer_type': 'Date', 'urls': ['https://en.wikipedia.org/wiki/Cold_War', ""https://en.wikipedia.org/wiki/American_Relief_Administration#:~:text=In%20addition%2C%20the%20Vatican%20created,Walsh%2C%20SJ.&text=The%20ARA's%20operations%20in%20Russia,renewed%20the%20export%20of%20grain."", 'https://ara1919.wordpress.com/about/', 'https://oac.cdlib.org/findaid/ark:/13030/tf996nb3ks/entire_text/']}","What were the date, month, and year ARA's operations in Russia were shut down?","June 15, 1923."
"{'topic': 'History', 'answer_type': 'Date', 'urls': ['https://en.wikipedia.org/wiki/Leo_Strauss', ""'https://en.wikipedia.org/wiki/Leo_Strauss'"", 'https://leostrausscenter.uchicago.edu/biography/', 'https://www.lib.uchicago.edu/e/scrc/findingaids/view.php?eadid=ICU.SPCL.STRAUSSLEO']}",In what year did Leo Strauss graduate from the Gymnasium Philippinum?,1917
"{'topic': 'History', 'answer_type': 'Person', 'urls': ['https://en.wikipedia.org/wiki/Joe_Gqabi#:~:text=In%201976%20he%20became%20co%2Dchairman%2C%20with%20Martin%20Ramokgadi%2C%20of%20the%20clandestine%20ANC%20organisation%20in%20Johannesburg%2C%20known%20as%20the%20Main%20Machinery', 'https://en.wikipedia.org/wiki/Joe_Gqabi#:~:text=In%201976%20he%20became%20co%2Dchairman%2C%20with%20Martin%20Ramokgadi%2C%20of%20the%20clandestine%20ANC%20organisation%20in%20Johannesburg', 'https://omalley.nelsonmandela.org/index.php/site/q/03lv02424/04lv02712/05lv02713/06lv02721.htm', 'https://omalley.nelsonmandela.org/cis/omalley/OMalleyWeb/03lv02424/04lv02712/05lv02713/06lv02720.htm']}","Who did Joe Gqabi become co-chairman of in the clandestine ANC organization in Johannesburg, known as the Main Machinery?",Martin Ramokgadi
"{'topic': 'History', 'answer_type': 'Date', 'urls': ['https://en.wikipedia.org/wiki/Henry_Petty,_1st_Earl_of_Shelburne', ""'https://en.wikipedia.org/wiki/Henry_Petty,_1st_Earl_of_Shelburne'"", 'https://www.historyofparliamentonline.org/volume/1715-1754/member/petty-henry-1675-1751', 'https://www.mayburyfamily.com/county-kerry-mayburys']}","In what year did Henry Petty, 1st Earl of Shelburne, succeed his elder brother to the family estates?",1696
"{'topic': 'History', 'answer_type': 'Person', 'urls': ['https://en.wikipedia.org/wiki/Tyndale_Biscoe_School', 'https://en.wikipedia.org/wiki/Tyndale_Biscoe_School#:~:text=The%20first%20principal%20was%20Reverend,Knowles.', 'https://dbpedia.org/page/Tyndale_Biscoe_School', 'https://www.kashmirconnected.com/articles--reports/category/tyndalebiscoe']}","What was the name of the first principal of Tyndale Biscoe School in Srinagar, Kashmir?",Reverend J.H.Knowles
"{'topic': 'History', 'answer_type': 'Date', 'urls': ['https://encyclopediaofarkansas.net/entries/benjamin-marcus-bogard-1593/#:~:text=In%20February%201885%2C%20he%20was,not%20indicate%20whether%20he%20graduated.', ""'https://en.wikipedia.org/wiki/Ben_M._Bogard'"", 'https://encyclopediaofarkansas.net/entries/benjamin-marcus-bogard-1593/', 'https://www.ualrpublicradio.org/2023-07-14/encyclopedia-of-arkansas-minute-benjamin-bogard']}",In what year was Ben Bogard ordained as a Baptist minister?,1887
"{'topic': 'History', 'answer_type': 'Person', 'urls': ['https://en.wikipedia.org/wiki/Dadabhai_Naoroji#:~:text=Dadabhai%20Naoroji%20(4%20September%201825,1886%20to%201887%2C%201893%20to', 'https://en.wikipedia.org/wiki/Dadabhai_Naoroji', 'https://theory.tifr.res.in/bombay/persons/dadabhai-naoroji.html', 'https://dinyarpatel.com/naoroji/timeline/']}",Who became the first Indian to be appointed as Professor of Mathematics and Natural Philosophy at Elphinstone College in Bombay?,Dadabhai Naoroji
"{'topic': 'History', 'answer_type': 'Other', 'urls': ['https://en.wikipedia.org/wiki/Syed_Ahmad_Khan', 'https://en.wikipedia.org/wiki/Syed_Ahmad_Khan#:~:text=At%20the%20outbreak%20of%20the,members%20from%20the%20revolting%20soldiers.', 'https://learn.culturalindia.net/syed-ahmad-khan.html', 'https://www.newworldencyclopedia.org/entry/Syed_Ahmed_Khan']}",What was Sir Syed Ahmed Khan serving as (position title) when the Indian Rebellion of 1857 broke out?,chief assessment officer
"{'topic': 'History', 'answer_type': 'Place', 'urls': ['https://en.wikipedia.org/wiki/Benjamin_Forstner', 'https://en.wikipedia.org/wiki/Benjamin_Forstner', 'https://military-history.fandom.com/wiki/Benjamin_Forstner', 'https://www.famag.com/FileContent/Offer/2010/en/21.4.2010_who_was_Benjamin_Forstner.pdf']}",In what county and state was the man who invented both the Forstner bit and an electric motor born?,"Beaver County, Pennsylvania"
"{'topic': 'History', 'answer_type': 'Date', 'urls': ['https://en.wikipedia.org/wiki/Pedro_Antonio_de_Arag%C3%B3n', ""'https://en.wikipedia.org/wiki/Pedro_Antonio_de_Arag%C3%B3n#:~:text=A%20cultured%20and%20educated%20man,Commander%20in%20chief%20of%20Catalonia.'"", 'https://www.dominicwinter.co.uk/Auction/Lot/199-beuter-pedro-antonio-cronica-generale-dhispagna-et-del-regno-di-valenza-1556/?lot=400878&sd=1', 'https://dbpedia.org/page/Pedro_III_Fajardo,_5th_Marquis_of_Los_V%C3%A9lez']}",During which years did Pedro Antonio de Aragón serve as Viceroy of Catalonia?,1642-1644
"{'topic': 'History', 'answer_type': 'Person', 'urls': ['https://amritmahotsav.nic.in/district-reopsitory-detail.htm?25094', 'https://testbook.com/question-answer/who-coined-the-slogan-quit-india--5f61b63ac7d9edc41d79f735', 'https://www.jagranjosh.com/general-knowledge/quit-india-movement-day-1691562294-1', 'https://www.vedantu.com/question-answer/coined-the-term-quit-india-as-a-clarion-call-class-9-social-science-cbse-61155c03facd6e4b5632a6e4']}","Who gave the slogan ""Quit India""?",Yusuf Meher Ali.
"{'topic': 'History', 'answer_type': 'Date', 'urls': ['https://en.wikipedia.org/wiki/John_II_of_France', 'https://simple.wikipedia.org/wiki/John_II_of_France', 'https://www.britannica.com/biography/John-II-king-of-France', 'https://wappenwiki.org/index.php/Coronation_of_the_Kings_of_France']}","On what day, month, and year was John II of France coronated as King of France?",26 September 1350
"{'topic': 'History', 'answer_type': 'Other', 'urls': ['https://ia600900.us.archive.org/6/items/emmahamilton00sich/emmahamilton00sich.pdf', 'https://ia600900.us.archive.org/6/items/emmahamilton00sich/emmahamilton00sich.pdf', 'https://trove.nla.gov.au/newspaper/article/276304317', 'https://www.oxforddnb.com/display/10.1093/ref:odnb/9780198614128.001.0001/odnb-9780198614128-e-11199']}","According to Walter Sichel's book *Emma Lady Hamilton*, Dr. James Graham's specialties in 1780 were ""the then derided but now accepted electricity,"" and what other specialty?",Mud baths.
"{'topic': 'History', 'answer_type': 'Other', 'urls': ['https://www.nationalaffairs.com/publications/detail/presidents-and-public-health-crises#:~:text=This%20effort%20came%20in%20response,the%20health%20effects%20of%20smoking', 'https://acsjournals.onlinelibrary.wiley.com/doi/10.3322/caac.21210', 'https://circulatingnow.nlm.nih.gov/2014/01/10/smoking-in-america-50-years-on/', 'https://www.ajmc.com/view/surgeon-generals-smoking-and-health-turns-50']}",What four health organizations wrote to President John F. Kennedy calling for a National Commission on Smoking?,"American Cancer Society, the American Public Health Association, the American Heart Association, and the National Tuberculosis Association"
"{'topic': 'History', 'answer_type': 'Person', 'urls': [""https://en.wikipedia.org/wiki/Henri_d'Angoulême"", 'https://en.wikipedia.org/wiki/Henri_d%27Angoul%C3%AAme', 'https://en.wikipedia.org/wiki/Fran%C3%A7ois_de_Malherbe', 'https://www.britannica.com/biography/Francois-de-Malherbe']}","While Henri d'Angoulême served as the governor of Provence, who was his secretary?",François de Malherbe.
"{'topic': 'History', 'answer_type': 'Person', 'urls': ['https://en.wikipedia.org/wiki/Goodwill_Zwelithini', 'https://en.wikipedia.org/wiki/Goodwill_Zwelithini', 'https://en.wikipedia.org/wiki/Mantfombi_Dlamini', 'https://briefly.co.za/facts-lifehacks/celebrities-biographies/134873-all-king-zwelithini-sons-personal-stories/']}","What is the name of King Goodwill Zwelithini's seventh child by his wife, Queen Mantfombi Dlamini?",Mandlesizwe Zulu
"{'topic': 'History', 'answer_type': 'Date', 'urls': ['https://en.wikipedia.org/wiki/Azusa_Street_Revival', 'https://en.wikipedia.org/wiki/Azusa_Street_Revival#:~:text=Discarded%20lumber%20and%20plaster%20littered%20the%20large%2C%20barn%2Dlike%20room%20on%20the%20ground%20floor.%5B22%5D%5B23%5D%20Nonetheless%2C%20it%20was%20secured%20and%20cleaned%20in%20preparation%20for%20services.%20They%20held%20their%20first%20meeting%20on%20April%2014%2C%201906.', 'https://www.apostolicarchives.com/articles/article/8801925/173190.htm', 'https://news.ag.org/en/article-repository/news/1999/04/william-j-seymour-and-the-azusa-street-revival#:~:text=Finally%2C%20after%20the%20front%20porch%20collapsed%2C%20the%20group%20rented%20the%20former%20Stevens%20African%20Methodist%20Episcopal%20(AME)%20Church%20at%20312%20Azusa%20Street%20in%20early%20April.']}","What are the day, month, and year of the first meeting in Azusa's building with Seymour and his group?","April 14, 1906"
"{'topic': 'History', 'answer_type': 'Person', 'urls': ['https://www.dakotahistory.org/historical-sites/116-emil-oberhoffer-house', 'https://en.wikipedia.org/wiki/Emil_J._Oberhoffer_House', 'https://www.dakotahistory.org/historical-sites/116-emil-oberhoffer-house', 'https://npgallery.nps.gov/GetAsset/214a34bb-adf4-4ded-a1f3-0a2a354ce843']}","What was the first and last name of the person who designed the historic Emil J. Oberhoffer House in Lakeville, Minnesota, United States?",Paul Haugen
"{'topic': 'History', 'answer_type': 'Number', 'urls': ['https://digitalcollections.ucalgary.ca/archive/At-the-forks-of-the-Grand---20-historical-essays-on-Paris--Ontario-2R3BF1FJHDS5T.html', 'https://books.google.ca/books?id=5njNFgv5XjcC&printsec=frontcover&dq=at+the+forks+of+the+grand&hl=en&sa=X&redir_esc=y#v=onepage&q=liquor&f=false']}","How many licenses to sell liquor did the council of Paris, Ontario, grant in 1850 when seven tavern keepers applied but were met with backlash from over 100 abolitionist villagers?",3
